name,address,phone,website,rating,reviews,category,place_id,source_query,search_niche,search_city,search_query,homepage_text,fetch_status,fetch_error,has_booking,has_contact_form,has_chat_widget,tech_hints,tech_stack,has_title,has_meta_description,has_h1,has_image_alt_text,seo_summary,missing_features,feature_summary,contact_emails,best_contact_email,contact_page_url,contact_email_quality,contact_email_score,score,reasoning,opportunity,icebreaker,offer,confidence,score_error,growth_report,subject,email,cta,followup_1,followup_2,outreach_error,contactability_status,do_not_contact,contactability_reason
Relax and Smile Dental Care,"271 NE 2nd St, Miami, FL 33132",(786) 983-4812,https://www.relaxandsmile.com/?utm_source=GMB&utm_medium=organic&utm_campaign=DevOptimization&utm_content=Website,4.8,869,Dentist,ChIJ8WVD9Z622YgRTsE_RcBq1Qk,dentists in miami,dentists,miami,dentists in miami,"Relax and Smile Dental Care | Trusted Dentist in Downtown Miami Book Online 24/7 | Call for Same-Day Appointments | New Patients Welcome Close ✕ About Location Insurance Services SMile Gallery Patient Rewards App How Did We Do? Follow Us: (786) 998-4212 Call Book now MENU ☰ MEET YOUR NEW DENTISTS IN MIAMI ☀️ FL We've built our entire practice around what matters most to you: feeling comfortable, fitting into your busy life, and getting a smile you're excited to show off. Book Now Location RATED 4.9 STARS Download Our App & earn $50 Today Click Here to Join Patient Testimonials Why Miami Loves Relax & Smile Dental Care Kirstie H. I am usually so nervous to go to the dentist but Relax and Smile is the first place I’ve been to that eased all my worries and made going to the dentist a thing I am excited for!. I’ve never even seen some of the machines they use here anywhere else! They even showed me a 3D model of my teeth currently, and how it will look after my Invisalign, I highly recommend them. Parkway C. Excellent experience with Dr. Cabrera I had a very positive experience with Dr. Cabrera. She is a very professional, kind, and patient dentist. She explained the entire procedure clearly and made me feel very comfortable throughout the appointment. I definitely recommend her if you're looking for a reliable dentist with a caring approach. Andre L. I chose Relax and Smile because I experienced a sudden dental emergency. I got an appointment the same day. The staff are friendly and experienced, and Dr. Santos assessed the problem and patiently explained what my options were. I have total confidence that she will execute a technically precise repair. Melanie M. Hands down the best dental office I’ve ever been to! The entire staff is beyond amazing so kind, professional, and truly make you feel at home from the moment you walk in. Special shoutout to Alex and Alejandro for going above and beyond every single time. I actually look forward to my appointments now. yes, it’s that good!!!! Alexandria H. This place is amazing. I’m from North Carolina & needed a dentist. Hadn’t had a proper cleaning in over 2 years. Needed a new bonding and they matched my color perfectly. Hands down best dental experience I’ve ever had. I would recommend this place for anyone especially if you need a dentist in town. Justin P. I had a GREAT experience at Relax and Smile. The staff is wonderful. Everyone was so friendly from Val at the front desk to Alejandro and Dr Ricart who provided excellent dental care overall. The facility is clean and the technology is modern. I highly recommend Relax and Smile! Adrian O. Great office they figured out my dental insurance. Super modern equipment and conveniently located near the first street station metromover stop Definitely recommend this spot if you are in the city. Very friendly staff. Whitney Wow, best dentist experience I’ve had in a while. I’m usually very anxious. Everyone was so nice and personable. Dr. Santos has great bedside manners, she’s very smart and knows exactly what to do. Happy I went this office. Very smooth process! Hannah P. They have so many skilled specialists who really do a great job explaining the process and have many payment options. The staff is warm and very professional. They were able to squeeze me in for several different issues in one week. Highly recommend. Rodrigo M. The staff is equally amazing—friendly, attentive, and always willing to go the extra mile. It’s clear they genuinely care about their patients. I highly recommend this dentist to anyone looking for exceptional dental care. Truly the best! Sebastian P. Excellent service and amazing stall all around. I felt welcomed and taken care of with the upmost respect, care, & friendliness. I would like thank to Fati, Val, Alejandro, and Kaylee for helping me with all the questions I had, and for the excellent care during the procedures. Amazing place! Carlos E. Best dentist in town. Very professional, no wait time and they tre",200,,True,True,False,['webflow'],"Webflow, jQuery",True,True,True,True,"Has title tag, meta description, H1 heading, and image alt text.",['live_chat'],Has booking and contact form but missing live chat.,[],,https://www.relaxandsmile.com/about,none,0,6,"The website has a solid rating and features like booking and contact forms, but the absence of live chat indicates a missed opportunity for immediate engagement.",Implementing a live chat feature could enhance customer interaction and lead conversion.,Have you considered how a live chat feature could improve patient engagement on your website?,We can help you integrate a live chat system to boost your online interactions.,medium,,"AI Website Growth Report

Business
Relax and Smile Dental Care

Website
https://www.relaxandsmile.com/?utm_source=GMB&utm_medium=organic&utm_campaign=DevOptimization&utm_content=Website

Conversion Signals
Has booking and contact form but missing live chat.

SEO Signals
Has title tag, meta description, H1 heading, and image alt text.

Tech Stack
Webflow, jQuery

Opportunity
Implementing a live chat feature could enhance customer interaction and lead conversion.

Lead Score
6 / 10",Enhance Patient Engagement with Live Chat,"Hi Relax and Smile Team, I noticed your impressive 4.8 rating and strong patient reviews. However, I observed that your website currently lacks a live chat feature. Implementing this could significantly improve patient engagement and lead conversion by offering immediate assistance. Would you be open to discussing how this could benefit your practice?",Let’s chat about enhancing your website.,Hi again! Just wanted to follow up on my previous email. A live chat feature could really help your patients feel more connected and supported. Let me know if you're interested in exploring this option.,"Hi, I hope you're doing well! I'm still here if you want to discuss the potential of adding live chat to your website. It could truly enhance the patient experience. Looking forward to hearing from you!",,ready,False,Lead has website data and a valid score.
Bayfront Dental,"224 SE 1st St, Miami, FL 33131",(305) 530-1866,https://www.bayfrontdental.com/,4.8,494,Dentist,ChIJXfwuyZ222YgRMJFFi-sUKag,dentists in miami,dentists,miami,dentists in miami,Just a moment...,403,,False,False,False,[],,True,False,False,False,"Has title tag but missing meta description, H1 heading, and image alt text.","['booking', 'contact_form', 'live_chat']","Missing booking, contact form, and live chat.",[],,,none,0,6,"The website is inaccessible, but there are clear opportunities due to missing booking, contact form, and live chat features.",Implement essential conversion features to capture leads.,Imagine how many more patients you could attract with a simple booking system!,Let's optimize your website to enhance patient engagement and conversions.,medium,,"AI Website Growth Report

Business
Bayfront Dental

Website
https://www.bayfrontdental.com/

Conversion Signals
Missing booking, contact form, and live chat.

SEO Signals
Has title tag but missing meta description, H1 heading, and image alt text.

Tech Stack
Not detected

Opportunity
Implement essential conversion features to capture leads.

Lead Score
6 / 10",Enhance Patient Booking at Bayfront Dental,"Hi there, I noticed that Bayfront Dental currently lacks a booking system, contact form, and live chat on your website. Implementing these features could significantly enhance patient engagement and make it easier for potential clients to reach out. Imagine how many more patients you could attract with a simple booking system! Let's explore how we can help you improve this.",Would you be open to a quick chat?,Hi again! Just checking in to see if you had a chance to consider adding a booking feature to your site. It could really streamline patient interactions and boost your practice.,"Hi, I hope you're well! I wanted to follow up one last time to see if you’re interested in discussing how to enhance your patient booking process. It could make a big difference!",,review,True,Website fetch/content is not usable.
Alfonso Dental Miami,"351 NW 42nd Ave STE 402, Miami, FL 33126",(305) 642-4142,https://alfonsodental305.com/,5.0,1004,Dentist,ChIJOzkeHFu_2YgRSHlh6Ja0stg,dentists in miami,dentists,miami,dentists in miami,"Dentist Miami | Emergency Dentist Flagami-Alfonso Dental Miami Skip to content ENGLISH | ESPAÑOL Schedule your appointment (305) 642-4142 info@alfonsodental305.com 351 NW 42nd Ave STE 402, Miami, FL 33126 Facebook-f Instagram ENGLISH | ESPAÑOL Schedule your appointment Home Services Preventive dentistry Dental Cleaning (Prophylaxis) Dental Consultation Dental Fillings Dental Emergency Broken & Chipped Tooth Repair Emergency Dentistry Cosmetic dentistry Porcelain Veneers Smile Makeover Teeth Whitening Tooth Bonding Restorative dentistry Bridges Broken Crown Repair Crowns Removable Dentures Dental Implants All-on-X Dental Implants Dental Implants Overdentures Dental Surgery Bone Grafting Dental Extractions Wisdom Teeth Extraction Periodontal treatment Deep Cleaning (Scaling & Root Planing) Periodontal Treatment Periodontics Periomaintenance Teeth Cleaning Root canal treatment Orthodontics Braces Invisalign Invisalign About Us Patient Info Blog Contact Apply With Cherry! Noticia de Practicas de Privacidad Notice of Privacy Practices (786) 885-2558 info@alfonsodental305.com 351 NW 42nd Ave STE 402, Miami Facebook-f Instagram Home Services Preventive dentistry Dental Cleaning (Prophylaxis) Dental Consultation Dental Fillings Dental Emergency Broken & Chipped Tooth Repair Emergency Dentistry Cosmetic dentistry Porcelain Veneers Smile Makeover Teeth Whitening Tooth Bonding Restorative dentistry Bridges Broken Crown Repair Crowns Removable Dentures Dental Implants All-on-X Dental Implants Dental Implants Overdentures Dental Surgery Bone Grafting Dental Extractions Wisdom Teeth Extraction Periodontal treatment Deep Cleaning (Scaling & Root Planing) Periodontal Treatment Periodontics Periomaintenance Teeth Cleaning Root canal treatment Orthodontics Braces Invisalign Invisalign About Us Patient Info Blog Contact Apply With Cherry! Noticia de Practicas de Privacidad Notice of Privacy Practices Home Services Preventive dentistry Dental Cleaning (Prophylaxis) Dental Consultation Dental Fillings Dental Emergency Broken & Chipped Tooth Repair Emergency Dentistry Cosmetic dentistry Porcelain Veneers Smile Makeover Teeth Whitening Tooth Bonding Restorative dentistry Bridges Broken Crown Repair Crowns Removable Dentures Dental Implants All-on-X Dental Implants Dental Implants Overdentures Dental Surgery Bone Grafting Dental Extractions Wisdom Teeth Extraction Periodontal treatment Deep Cleaning (Scaling & Root Planing) Periodontal Treatment Periodontics Periomaintenance Teeth Cleaning Root canal treatment Orthodontics Braces Invisalign Invisalign About Us Patient Info Blog Contact Apply With Cherry! Noticia de Practicas de Privacidad Notice of Privacy Practices Schedule your appointment Welcome to Alfonso Dental See more book an appointment Do you have a dental emergency? Call us (305) 642-4142 Office Hours Monday - Friday 9:00 A.M. - 6:00 P.M. Saturdays - Sundays Closed Book an appointment now Name Phone Email Date Submit Welcome to Alfonso Dental See More Welcome to your Miami Dentist Welcome to Alfonfo Dental Miami, your trusted Dentist in Miami, located in Flagami – Flagler St. We offer a comprehensive range of dental services to meet all your oral health needs. Our services include general dentistry, emergency dentistry, dental implants, cosmetic dentistry, teeth whitening, veneers, crowns and bridges, root canal treatment, periodontal care, and more. Whether you’re seeking routine care or specialized treatments, our experienced team is here to provide the highest quality care in a comfortable and welcoming environment. Visit Alfonfo Dental Miami for a smile you can be proud of! + 1000 Happy clients with our services + 20 Certified Specialists + 10 Years of experience in the market Schedule your appointment Discover your Best Smile with Alfonso Dental Miami! Are you looking for a Dentist in Miami? Here, you can find all the services of aesthetic and preventive dentistry with the highest quality standards. Call us now We are located in Flaga",200,,True,True,False,['wordpress'],"WordPress, Elementor, jQuery",True,True,True,True,"Has title tag, meta description, H1 heading, and image alt text.",['live_chat'],Has booking and contact form but missing live chat.,"['info@alfonsodental.com', 'info@alfonsodental305.com', '%20info@alfonsodental305.com']",info@alfonsodental.com,https://alfonsodental305.com/about-us/,medium,5,6,"The website has a solid foundation with booking and contact forms, but the absence of live chat indicates a missed opportunity for immediate engagement.",Implementing live chat could enhance customer interaction and lead conversion.,Did you know that adding live chat can significantly boost customer engagement on your site?,We can help integrate a live chat solution to improve your customer service.,medium,,"AI Website Growth Report

Business
Alfonso Dental Miami

Website
https://alfonsodental305.com/

Conversion Signals
Has booking and contact form but missing live chat.

SEO Signals
Has title tag, meta description, H1 heading, and image alt text.

Tech Stack
WordPress, Elementor, jQuery

Opportunity
Implementing live chat could enhance customer interaction and lead conversion.

Lead Score
6 / 10",Enhance Engagement with Live Chat,"Hi Alfonso Dental Team, I noticed your fantastic 5-star rating and over 1,000 reviews! Your website has great features like booking and contact forms, but adding live chat could elevate customer interaction. It allows potential patients to ask questions in real-time, which often leads to higher conversion rates. Would you be open to discussing how this could benefit your practice?",Let me know if you're interested!,"Hi Alfonso Dental Team, just checking in! Have you considered the impact of live chat on your patient engagement? It could really enhance your already impressive service.","Hi again, I’d love to hear your thoughts on implementing live chat. It could be a simple way to connect with more patients!",,ready,False,Lead has website data and a valid score.
Elite Smiles Dental Center,"1501 SW 37th Ave Suite B, Miami, FL 33145",(786) 228-7000,https://elitesmilesdentalcenter.com/,5.0,185,Dentist,ChIJlePrEiO32YgRRNKyopwgvuE,dentists in miami,dentists,miami,dentists in miami,"Dentist in Coral Gables FL | Dentist Miami | Cosmetic Dentist 33145 Skip to main content Skip to footer 786-228-7000 BOOK APPOINTMENT Home About Us Meet Dr. Yeli Meet The Team Services Surgery & Periodontics Deep Cleaning Gum Recession Treatment Periodontal Maintenance Wisdom Teeth Removal General Dentistry Tooth Extractions Children’s Dentistry Dental Exams and Preventive Care Teeth Cleaning Root Canal Therapy Restorative Dentistry Dental Bridges Porcelain Crowns Inlays & Onlays Cosmetic Dentistry Smile Design Tooth Bonding Smile Makeover Teeth Whitening Porcelain Veneers Family Dentistry Invisalign Emergency Dentistry Dental Implants For Patients Dental Technologies Insurance & Finance New Patients Welcome Blogs Reviews Offers Membership Plan BOOK NOW Home About Us Meet Dr. Yeli Meet The Team Services Surgery & Periodontics Deep Cleaning Gum Recession Treatment Periodontal Maintenance Wisdom Teeth Removal General Dentistry Tooth Extractions Children’s Dentistry Dental Exams and Preventive Care Teeth Cleaning Root Canal Therapy Restorative Dentistry Dental Bridges Porcelain Crowns Inlays & Onlays Cosmetic Dentistry Smile Design Tooth Bonding Smile Makeover Teeth Whitening Porcelain Veneers Family Dentistry Invisalign Emergency Dentistry Dental Implants For Patients Dental Technologies Insurance & Finance New Patients Welcome Blogs Reviews Offers Membership Plan BOOK NOW 786-228-7000 BOOK APPOINTMENT Cosmetic, Implant, and Family Dentistry Serving Miami & Coral Gables Cosmetic, Implant, and Family Dentistry Serving Miami & Coral Gables Book Online Elite Smiles Dental Center Premier Dentist in Coral Gables, FL Welcome to Elite Smiles Dental Center, where dentistry goes beyond treatment and becomes a true partnership in care. Our philosophy is simple: exceptional dental care begins with heart. From the moment you walk through our doors, you’ll discover a modern, elegant space designed to make you feel comfortable, understood, and valued. As a trusted dentist in Coral Gables, FL, right on Douglas Road, our mission is to redefine your dental experience through a personalized and compassionate approach. Every visit is built around genuine connection and trust—because we believe that great dentistry starts with truly listening to our patients. Whether you’re here for routine cleanings, cosmetic enhancements , advanced dental implants , or a complete smile transformation , our skilled team combines artistry with innovation to deliver results that inspire confidence. At Elite Smiles Dental Center, every detail—from our technology to our tranquil environment—is designed with your comfort, confidence, and lasting oral health in mind. We don’t just create beautiful smiles, we build relationships that make every patient feel like family. BOOK APPOINTMENT Premier Dental Services What We Offer For Our Patients Dental Implants Dental implants offer a long-lasting and natural-looking solution for missing teeth. They are firmly anchored to the jawbone, providing stability and preventing bone loss. Unlike dentures, implants allow you to eat and speak comfortably without worrying about discomfort. Additionally, implants can improve your smile and self-confidence, enhancing your overall quality of life. Learn More Dental Implants Porcelain Veneers Invisalign + iTero Teeth Whitening Smile Design Wisdom Teeth Removal Root Canals Teeth Cleaning View All Services Accreditations Technologies Where Excellence Meets Dentistry BEGIN YOUR JOURNEY Dr. Yelisbet Fernández combines advanced training, certifications, and years of experience to provide trusted, high-quality care. Her expertise in implants, cosmetic dentistry, and Invisalign ensures exceptional results. Patients choose her not only for her skill but for the personalized, compassionate approach she brings to every smile. Meet Dr. Yelisbet Fernandez Cosmetic & Family Dentist Dr. Fernandez earned her dental degree from UNIBE in the Dominican Republic and furthered her training with an Advanced Educ",200,,True,True,False,['wordpress'],"WordPress, jQuery",True,True,True,True,"Has title tag, meta description, H1 heading, and image alt text.",['live_chat'],Has booking and contact form but missing live chat.,['smiles@elitesmilesdentalcenter.com'],smiles@elitesmilesdentalcenter.com,https://elitesmilesdentalcenter.com/,medium,5,6,"The website has essential features like booking and contact forms, but the absence of live chat indicates a missed opportunity for immediate customer engagement.",Implement live chat to enhance customer interaction.,Did you know that adding live chat can significantly increase customer engagement on your site?,We can help you integrate live chat and optimize your website for better conversions.,medium,,"AI Website Growth Report

Business
Elite Smiles Dental Center

Website
https://elitesmilesdentalcenter.com/

Conversion Signals
Has booking and contact form but missing live chat.

SEO Signals
Has title tag, meta description, H1 heading, and image alt text.

Tech Stack
WordPress, jQuery

Opportunity
Implement live chat to enhance customer interaction.

Lead Score
6 / 10",Enhance Customer Engagement with Live Chat,"Hi Elite Smiles Team, I noticed your website excels with a booking option and contact form, but lacks live chat. Adding this feature could significantly enhance customer interaction and address inquiries in real-time. This could lead to increased appointment bookings and improved patient satisfaction. Would you be open to discussing how we can implement this?",Let's chat about enhancing your website.,Hi again! Just following up on my last email. Implementing live chat could really boost your customer engagement. I’d love to hear your thoughts on this.,"Hi Elite Smiles, I wanted to check in one last time. Live chat can make a big difference in connecting with potential patients. Let me know if you’d like to explore this further.",,ready,False,Lead has website data and a valid score.
Midtown Dental Miami,"3915 Biscayne Blvd Unit 306, Miami, FL 33137",(305) 598-6070,http://www.midtowndentalmiami.com/,4.2,161,Dentist,ChIJQzJHv1ex2YgRMdj_j6kkb0c,dentists in miami,dentists,miami,dentists in miami,"Miami Dentistry - Midtown Dental menu trigger menu trigger Mon, Tues, Thurs: 8-5 Wed: 10-7, Fri: 9-1, Sat: 8-12 305-598-6070 info@midtowndentalmiami.com Midtown Dental 3915 Biscayne Blvd. Suite 306, Miami About Us Meet The Team About Our Office Patient Reviews Healthy Living Newsletter Publications Membership Plan Patient Education Videos Patient Forms Smile Gallery Contact Us MIDTOWN DENTAL We proudly provide quality dental care to the community of Miami, FL and surrounding areas. Our featured services are Dental Implants, Veneers, Porcelain Crowns, Root Canals, Invisalign and much more. FINANCING MEMBERSHIP ACHIEVE YOUR BEAUTIFUL SMILE Midtown Dental’s number one priority is our patients’ well-being and to provide a comfortable experience during every visit. READ MORE REQUEST APPOINTMENT Experienced Staff Our team consists of dedicated individuals who are kind, friendly, and caring. LEARN MORE Quality Dental Care We provide the best and latest in dental technology and treatment options. LEARN MORE Patient Approved Read what great feedback our patients have to say about our staff and services. LEARN MORE Request Appointment Schedule your dental appointment today to see our team and Dr. John Nelson. Book Now Welcome to Midtown Dental We proudly provide quality dental care to the community of Miami, FL and surrounding areas. Our featured services are Dental Implants , Veneers , Porcelain Crowns , Root Canals , Invisalign and much more. We offer the most advanced technology in cosmetic and general dentistry. Our number one priority is our patients’ well-being. We implement all the tools available to make sure you have a comfortable experience during your dental visit. If you are looking for a great dentist in Miami, call us today! We’ll be glad to hear from you if you have any questions. Thank you and see you soon! Miami Dentist John Nelson Dr. Nelson has been a dentist for years and has been through several post graduate courses in different fields of dentistry. His emphasis on patient comfort as well as keeping up-to-date with the latest advancements in dentistry enable him to provide his patients with the best quality of care in the field. Dr. Nelson has a wide range of experience in different areas of dentistry, from cosmetic and restorative dentistry to surgical treatments and root canal treatments. His approach to your treatment starts with patiently listening to you. Then, after a complete and thorough examination, he reviews and discusses the diagnosis and treatment options with you. Read More The best reference is a good word CLIENT TESTIMONIALS Kelly C. Dr. Nelson is a fantastic dentist. His staff is wonderful too. I hated going to the dentist before I discovered Midtown Dental. Now, I look forward to my dental visits. They even play fun music in the office. I cannot say enough good things about this office. If you are looking for a dentist you can trust with a friendly knowledgeable staff go to Midtown Dental. Pushpa G From the 1st phone call to schedule an appointment through to the post-appointment email follow ups, I’m convinced I’ve found the best dentist I’ve ever had in any city. The staff is customer-oriented and their processes use the latest technology to be as efficient as possible. Plus Dr. Nelson and his staff took the time to clearly and simply explain what was causing the pain, recommended fixes, etc. Really great experience overall. Mohammad S Dr. Nelson extracted my two tooth which was broken in a recent car accident , being a stoke patient an on blood thinner, he was very professional as always and knowingly, I was in pain, he took care during the extraction. I highly recommend him and I have been his patient for last 10 yrs. Jana G I was given an appointment at short notice due to an emergency – I had a chipped tooth . Everything went better than expected , everyone was super nice and helpful , and Dr Nelson could not have been more professional and did an amazing job on my front tooth! Already sched",200,,True,True,False,['wordpress'],"WordPress, jQuery",True,True,True,True,"Has title tag, meta description, H1 heading, and image alt text.",['live_chat'],Has booking and contact form but missing live chat.,['info@midtowndentalmiami.com'],info@midtowndentalmiami.com,http://www.midtowndentalmiami.com/,medium,5,6,"The website has essential features like booking and contact forms, but the absence of live chat indicates a missed opportunity for immediate customer engagement.",Implementing live chat could enhance user interaction and lead conversion.,Did you know that adding live chat can significantly boost customer engagement on your site?,We can help you integrate live chat and optimize your website for better conversions.,medium,,"AI Website Growth Report

Business
Midtown Dental Miami

Website
http://www.midtowndentalmiami.com/

Conversion Signals
Has booking and contact form but missing live chat.

SEO Signals
Has title tag, meta description, H1 heading, and image alt text.

Tech Stack
WordPress, jQuery

Opportunity
Implementing live chat could enhance user interaction and lead conversion.

Lead Score
6 / 10",Enhance Engagement with Live Chat,"Hi Midtown Dental Team, I noticed your website has great features like booking and contact forms, but it’s missing a live chat option. Adding live chat could significantly enhance user interaction and help convert more visitors into patients. It’s a simple addition that can make a big difference in customer engagement. Let me know if you’d like to discuss this further.",Would you be open to a quick chat?,"Hi again, I wanted to follow up on my previous email about adding live chat to your site. It could really help in connecting with potential patients instantly. Let me know if you’re interested in exploring this option!",Just checking in one last time! Implementing live chat could really elevate your patient engagement. I’d love to discuss how we can make this happen for Midtown Dental.,,ready,False,Lead has website data and a valid score.
