name,address,phone,website,rating,reviews,category,place_id,source_query,homepage_text,fetch_status,fetch_error,has_booking,has_contact_form,has_chat_widget,tech_hints,score,reasoning,opportunity,icebreaker,offer,confidence,score_error,subject,email,cta,followup_1,followup_2,outreach_error
Relax and Smile Dental Care,"271 NE 2nd St, Miami, FL 33132",(786) 983-4812,https://www.relaxandsmile.com/?utm_source=GMB&utm_medium=organic&utm_campaign=DevOptimization&utm_content=Website,4.8,869,Dentist,ChIJ8WVD9Z622YgRTsE_RcBq1Qk,dentists in miami,"Relax and Smile Dental Care | Trusted Dentist in Downtown Miami Book Online 24/7 | Call for Same-Day Appointments | New Patients Welcome Close ✕ About Location Insurance Services SMile Gallery Patient Rewards App How Did We Do? Follow Us: (786) 998-4212 Call Book now MENU ☰ MEET YOUR NEW DENTISTS IN MIAMI ☀️ FL We've built our entire practice around what matters most to you: feeling comfortable, fitting into your busy life, and getting a smile you're excited to show off. Book Now Location RATED 4.9 STARS Download Our App & earn $50 Today Click Here to Join Patient Testimonials Why Miami Loves Relax & Smile Dental Care Kirstie H. I am usually so nervous to go to the dentist but Relax and Smile is the first place I’ve been to that eased all my worries and made going to the dentist a thing I am excited for!. I’ve never even seen some of the machines they use here anywhere else! They even showed me a 3D model of my teeth currently, and how it will look after my Invisalign, I highly recommend them. Parkway C. Excellent experience with Dr. Cabrera I had a very positive experience with Dr. Cabrera. She is a very professional, kind, and patient dentist. She explained the entire procedure clearly and made me feel very comfortable throughout the appointment. I definitely recommend her if you're looking for a reliable dentist with a caring approach. Andre L. I chose Relax and Smile because I experienced a sudden dental emergency. I got an appointment the same day. The staff are friendly and experienced, and Dr. Santos assessed the problem and patiently explained what my options were. I have total confidence that she will execute a technically precise repair. Melanie M. Hands down the best dental office I’ve ever been to! The entire staff is beyond amazing so kind, professional, and truly make you feel at home from the moment you walk in. Special shoutout to Alex and Alejandro for going above and beyond every single time. I actually look forward to my appointments now. yes, it’s that good!!!! Alexandria H. This place is amazing. I’m from North Carolina & needed a dentist. Hadn’t had a proper cleaning in over 2 years. Needed a new bonding and they matched my color perfectly. Hands down best dental experience I’ve ever had. I would recommend this place for anyone especially if you need a dentist in town. Justin P. I had a GREAT experience at Relax and Smile. The staff is wonderful. Everyone was so friendly from Val at the front desk to Alejandro and Dr Ricart who provided excellent dental care overall. The facility is clean and the technology is modern. I highly recommend Relax and Smile! Adrian O. Great office they figured out my dental insurance. Super modern equipment and conveniently located near the first street station metromover stop Definitely recommend this spot if you are in the city. Very friendly staff. Whitney Wow, best dentist experience I’ve had in a while. I’m usually very anxious. Everyone was so nice and personable. Dr. Santos has great bedside manners, she’s very smart and knows exactly what to do. Happy I went this office. Very smooth process! Hannah P. They have so many skilled specialists who really do a great job explaining the process and have many payment options. The staff is warm and very professional. They were able to squeeze me in for several different issues in one week. Highly recommend. Rodrigo M. The staff is equally amazing—friendly, attentive, and always willing to go the extra mile. It’s clear they genuinely care about their patients. I highly recommend this dentist to anyone looking for exceptional dental care. Truly the best! Sebastian P. Excellent service and amazing stall all around. I felt welcomed and taken care of with the upmost respect, care, & friendliness. I would like thank to Fati, Val, Alejandro, and Kaylee for helping me with all the questions I had, and for the excellent care during the procedures. Amazing place! Carlos E. Best dentist in town. Very professional, no wait time and they tre",200,,True,True,False,['webflow'],5,"The website is functional and has booking and contact forms, but lacks a chat widget which could enhance customer engagement.",Implementing a chat feature could improve lead capture and customer interaction.,Imagine how much more connected your patients could feel with a chat option on your site!,Let's optimize your website to include a chat feature for better patient engagement.,medium,,Enhance Patient Engagement on Your Site,"Hi Relax and Smile Team, I noticed your impressive 4.8-star rating and 869 reviews showcasing your commitment to patient comfort. However, I believe adding a chat feature could further enhance engagement and lead capture on your website. Imagine how much more connected your patients could feel with instant support! I'd love to discuss this opportunity with you.",Let’s chat about improving your patient interaction.,Hi again! Just following up on my previous email. I truly believe that a chat feature could make a significant difference in how potential patients interact with your site. Would you be open to a brief discussion?,"Hi Relax and Smile Team, I wanted to reach out one last time. Improving patient engagement is crucial, and I’d love to help you explore how a chat feature can support your goals. Looking forward to your thoughts!",
Bayfront Dental,"224 SE 1st St, Miami, FL 33131",(305) 530-1866,https://www.bayfrontdental.com/,4.8,493,Dentist,ChIJXfwuyZ222YgRMJFFi-sUKag,dentists in miami,Just a moment...,403,,False,False,False,[],4,"The website is inaccessible (403 status), but the absence of booking and contact systems indicates potential improvement areas.",Implement booking and contact systems to enhance lead capture.,Have you considered how a streamlined booking system could improve patient engagement?,Website optimization and lead capture solutions.,low,,Enhance Patient Engagement at Bayfront Dental,"Hi Bayfront Dental Team,

I noticed your impressive 4.8 rating with 493 reviews, but your website seems to be inaccessible right now. Have you considered how a streamlined booking system could improve patient engagement? Implementing a simple booking and contact system could significantly enhance lead capture and make it easier for potential patients to reach you.

I'd love to discuss how we can help with this.

Best,
[Your Name]",Let’s chat about improving patient engagement.,"Hi again, I wanted to follow up on my previous email. A booking system can really help capture more leads and improve patient experience. Would you be open to a brief chat?",Just checking in one last time. I believe a booking solution could really benefit Bayfront Dental. Let me know if you’d like to explore this further!,
Alfonso Dental Miami,"351 NW 42nd Ave STE 402, Miami, FL 33126",(305) 642-4142,https://alfonsodental305.com/,5.0,1003,Dentist,ChIJOzkeHFu_2YgRSHlh6Ja0stg,dentists in miami,"Dentist Miami | Emergency Dentist Flagami-Alfonso Dental Miami Skip to content ENGLISH | ESPAÑOL Schedule your appointment (305) 642-4142 info@alfonsodental305.com 351 NW 42nd Ave STE 402, Miami, FL 33126 Facebook-f Instagram ENGLISH | ESPAÑOL Schedule your appointment Home Services Preventive dentistry Dental Cleaning (Prophylaxis) Dental Consultation Dental Fillings Dental Emergency Broken & Chipped Tooth Repair Emergency Dentistry Cosmetic dentistry Porcelain Veneers Smile Makeover Teeth Whitening Tooth Bonding Restorative dentistry Bridges Broken Crown Repair Crowns Removable Dentures Dental Implants All-on-X Dental Implants Dental Implants Overdentures Dental Surgery Bone Grafting Dental Extractions Wisdom Teeth Extraction Periodontal treatment Deep Cleaning (Scaling & Root Planing) Periodontal Treatment Periodontics Periomaintenance Teeth Cleaning Root canal treatment Orthodontics Braces Invisalign Invisalign About Us Patient Info Blog Contact Apply With Cherry! Noticia de Practicas de Privacidad Notice of Privacy Practices (786) 885-2558 info@alfonsodental305.com 351 NW 42nd Ave STE 402, Miami Facebook-f Instagram Home Services Preventive dentistry Dental Cleaning (Prophylaxis) Dental Consultation Dental Fillings Dental Emergency Broken & Chipped Tooth Repair Emergency Dentistry Cosmetic dentistry Porcelain Veneers Smile Makeover Teeth Whitening Tooth Bonding Restorative dentistry Bridges Broken Crown Repair Crowns Removable Dentures Dental Implants All-on-X Dental Implants Dental Implants Overdentures Dental Surgery Bone Grafting Dental Extractions Wisdom Teeth Extraction Periodontal treatment Deep Cleaning (Scaling & Root Planing) Periodontal Treatment Periodontics Periomaintenance Teeth Cleaning Root canal treatment Orthodontics Braces Invisalign Invisalign About Us Patient Info Blog Contact Apply With Cherry! Noticia de Practicas de Privacidad Notice of Privacy Practices Home Services Preventive dentistry Dental Cleaning (Prophylaxis) Dental Consultation Dental Fillings Dental Emergency Broken & Chipped Tooth Repair Emergency Dentistry Cosmetic dentistry Porcelain Veneers Smile Makeover Teeth Whitening Tooth Bonding Restorative dentistry Bridges Broken Crown Repair Crowns Removable Dentures Dental Implants All-on-X Dental Implants Dental Implants Overdentures Dental Surgery Bone Grafting Dental Extractions Wisdom Teeth Extraction Periodontal treatment Deep Cleaning (Scaling & Root Planing) Periodontal Treatment Periodontics Periomaintenance Teeth Cleaning Root canal treatment Orthodontics Braces Invisalign Invisalign About Us Patient Info Blog Contact Apply With Cherry! Noticia de Practicas de Privacidad Notice of Privacy Practices Schedule your appointment Welcome to Alfonso Dental See more book an appointment Do you have a dental emergency? Call us (305) 642-4142 Office Hours Monday - Friday 9:00 A.M. - 6:00 P.M. Saturdays - Sundays Closed Book an appointment now Name Phone Email Date Submit Welcome to Alfonso Dental See More Welcome to your Miami Dentist Welcome to Alfonfo Dental Miami, your trusted Dentist in Miami, located in Flagami – Flagler St. We offer a comprehensive range of dental services to meet all your oral health needs. Our services include general dentistry, emergency dentistry, dental implants, cosmetic dentistry, teeth whitening, veneers, crowns and bridges, root canal treatment, periodontal care, and more. Whether you’re seeking routine care or specialized treatments, our experienced team is here to provide the highest quality care in a comfortable and welcoming environment. Visit Alfonfo Dental Miami for a smile you can be proud of! + 1000 Happy clients with our services + 20 Certified Specialists + 10 Years of experience in the market Schedule your appointment Discover your Best Smile with Alfonso Dental Miami! Are you looking for a Dentist in Miami? Here, you can find all the services of aesthetic and preventive dentistry with the highest quality standards. Call us now We are located in Flaga",200,,True,True,False,['wordpress'],6,"The website has a good rating and a variety of services listed, but lacks a chat widget which could enhance customer engagement.",Implementing a chat feature could improve lead capture.,Have you considered adding a chat feature to engage with potential patients in real-time?,We can help enhance your website's engagement tools to capture more leads.,medium,,Enhance Patient Engagement at Alfonso Dental,Hi there! I noticed Alfonso Dental has an impressive 5.0 rating with over 1000 reviews. Have you considered adding a chat feature to engage with potential patients in real-time? This could significantly improve lead capture and enhance patient experience. I'd love to discuss how we can implement this seamlessly.,Let me know if you're open to a chat.,Just checking in! Have you thought about the chat feature? It could really boost engagement.,I’d love to hear your thoughts on enhancing patient interaction. Let me know if you’re interested!,
